{
  "project_info": {
    "project_number": "923338078226",
    "firebase_url": "https://fcmserver-41bc6.firebaseio.com",
    "project_id": "fcmserver-41bc6",
    "storage_bucket": "fcmserver-41bc6.appspot.com"
  },
  "client": [
    {
      "client_info": {
        "mobilesdk_app_id": "1:923338078226:android:7297a559403aca13",
        "android_client_info": {
          "package_name": "kr.ac.kumoh.ce.s20110766.mytcp"
        }
      },
      "oauth_client": [
        {
          "client_id": "923338078226-jdtlgovrv7pgn1mg8015vdsd8nhh65uh.apps.googleusercontent.com",
          "client_type": 3
        }
      ],
      "api_key": [
        {
          "current_key": "AIzaSyAbAF8oseB6dXkzrlkjotSncGq8s_qNReY"
        }
      ],
      "services": {
        "analytics_service": {
          "status": 1
        },
        "appinvite_service": {
          "status": 1,
          "other_platform_oauth_client": []
        },
        "ads_service": {
          "status": 2
        }
      }
    }
  ],
  "configuration_version": "1"
}